,clone-depth,groups,name,path
0,,pdk,platform/build,build
1,,"pdk,tradefed",platform/build/blueprint,build/blueprint
2,,"pdk,tradefed",platform/build/kati,build/kati
3,,"pdk,tradefed",platform/build/soong,build/soong
4,,pdk,platform/abi/cpp,abi/cpp
5,,pdk,platform/art,art
6,,pdk,platform/bionic,bionic
7,,pdk,platform/bootable/recovery,bootable/recovery
8,,pdk,platform/compatibility/cdd,compatibility/cdd
9,,"cts,pdk-cw-fs,pdk-fs",platform/cts,cts
10,,"pdk-cw-fs,pdk-fs",platform/dalvik,dalvik
11,,,platform/developers/build,developers/build
12,,,platform/developers/demos,developers/demos
13,,,platform/developers/samples/android,developers/samples/android
14,,"pdk-cw-fs,pdk-fs",platform/development,development
15,,"device,fugu,broadcom_pdk,pdk",device/asus/fugu,device/asus/fugu
16,1,"device,fugu,broadcom_pdk,pdk",device/asus/fugu-kernel,device/asus/fugu-kernel
17,,"pdk-cw-fs,pdk",device/common,device/common
18,,pdk,device/generic/arm64,device/generic/arm64
19,,pdk,device/generic/armv7-a-neon,device/generic/armv7-a-neon
20,,pdk,device/generic/common,device/generic/common
21,,pdk,device/generic/goldfish,device/generic/goldfish
22,,pdk,device/generic/goldfish-opengl,device/generic/goldfish-opengl
23,,pdk,device/generic/mips,device/generic/mips
24,,pdk,device/generic/mips64,device/generic/mips64
25,,pdk,device/generic/mini-emulator-arm64,device/generic/mini-emulator-arm64
26,,pdk,device/generic/mini-emulator-armv7-a-neon,device/generic/mini-emulator-armv7-a-neon
27,,pdk,device/generic/mini-emulator-mips,device/generic/mini-emulator-mips
28,,pdk,device/generic/mini-emulator-mips64,device/generic/mini-emulator-mips64
29,,pdk,device/generic/mini-emulator-x86,device/generic/mini-emulator-x86
30,,pdk,device/generic/mini-emulator-x86_64,device/generic/mini-emulator-x86_64
31,,pdk,device/generic/qemu,device/generic/qemu
32,,pdk,device/generic/x86,device/generic/x86
33,,pdk,device/generic/x86_64,device/generic/x86_64
34,,"device,pdk",device/google/accessory/arduino,device/google/accessory/arduino
35,,"device,pdk",device/google/accessory/demokit,device/google/accessory/demokit
36,,"device,fugu,broadcom_pdk,generic_fs,pdk",device/google/atv,device/google/atv
37,,"device,marlin,pdk",device/google/contexthub,device/google/contexthub
38,,"device,dragon,pdk",device/google/dragon,device/google/dragon
39,1,"device,dragon,pdk",device/google/dragon-kernel,device/google/dragon-kernel
40,,"device,marlin",device/google/marlin,device/google/marlin
41,1,"device,marlin",device/google/marlin-kernel,device/google/marlin-kernel
42,,"device,flounder,pdk",device/htc/flounder,device/htc/flounder
43,1,"device,flounder,pdk",device/htc/flounder-kernel,device/htc/flounder-kernel
44,,"device,angler,broadcom_pdk,pdk",device/huawei/angler,device/huawei/angler
45,1,"device,angler,broadcom_pdk,pdk",device/huawei/angler-kernel,device/huawei/angler-kernel
46,,"device,pdk",device/intel/edison,device/intel/edison
47,,"device,bullhead,pdk",device/lge/bullhead,device/lge/bullhead
48,1,"device,bullhead,pdk",device/lge/bullhead-kernel,device/lge/bullhead-kernel
49,,"device,hikey,pdk",device/linaro/hikey,device/linaro/hikey
50,1,"device,hikey,pdk",device/linaro/hikey-kernel,device/linaro/hikey-kernel
51,,"device,shamu,broadcom_pdk,generic_fs,pdk",device/moto/shamu,device/moto/shamu
52,1,"device,shamu,broadcom_pdk,generic_fs,pdk",device/moto/shamu-kernel,device/moto/shamu-kernel
53,,pdk,device/sample,device/sample
54,,"pdk-cw-fs,pdk-fs",platform/docs/source.android.com,docs/source.android.com
55,,pdk,platform/external/aac,external/aac
56,,"adt-infra,notdefault,pdk-fs",platform/external/adt-infra,external/adt-infra
57,,pdk,platform/external/android-clat,external/android-clat
58,,pdk,platform/external/android-mock,external/android-mock
59,,pdk,platform/external/androidplot,external/androidplot
60,,pdk,platform/external/ant-glob,external/ant-glob
61,,pdk,platform/external/antlr,external/antlr
62,,pdk,platform/external/apache-commons-math,external/apache-commons-math
63,,pdk,platform/external/apache-harmony,external/apache-harmony
64,,pdk,platform/external/apache-http,external/apache-http
65,,pdk,platform/external/apache-xml,external/apache-xml
66,,pdk,platform/external/archive-patcher,external/archive-patcher
67,,pdk-fs,platform/external/autotest,external/autotest
68,,pdk,platform/external/avahi,external/avahi
69,,pdk,platform/external/bison,external/bison
70,,pdk,platform/external/blktrace,external/blktrace
71,,pdk,platform/external/boringssl,external/boringssl
72,,pdk,platform/external/bouncycastle,external/bouncycastle
73,,pdk,platform/external/bsdiff,external/bsdiff
74,,pdk,platform/external/bzip2,external/bzip2
75,,pdk,platform/external/c-ares,external/c-ares
76,,pdk,platform/external/caliper,external/caliper
77,,pdk,platform/external/cblas,external/cblas
78,,pdk,platform/external/ceres-solver,external/ceres-solver
79,,pdk,platform/external/chromium-libpac,external/chromium-libpac
80,,pdk,platform/external/chromium-trace,external/chromium-trace
81,,pdk,platform/external/chromium-webview,external/chromium-webview
82,,pdk,platform/external/clang,external/clang
83,,pdk,platform/external/cmockery,external/cmockery
84,,pdk,platform/external/compiler-rt,external/compiler-rt
85,,pdk,platform/external/conscrypt,external/conscrypt
86,,pdk,platform/external/crcalc,external/crcalc
87,,pdk,platform/external/cros/system_api,external/cros/system_api
88,,pdk,platform/external/curl,external/curl
89,,pdk,platform/external/dagger2,external/dagger2
90,,pdk,platform/external/dbus,external/dbus
91,,pdk,platform/external/dbus-binding-generator,external/dbus-binding-generator
92,,pdk-fs,platform/external/deqp,external/deqp
93,,pdk,platform/external/dexmaker,external/dexmaker
94,,pdk,platform/external/dhcpcd-6.8.2,external/dhcpcd-6.8.2
95,,pdk,platform/external/dng_sdk,external/dng_sdk
96,,pdk,platform/external/dnsmasq,external/dnsmasq
97,,pdk,platform/external/dlmalloc,external/dlmalloc
98,,pdk,platform/external/doclava,external/doclava
99,,pdk,platform/external/donuts,external/donuts
100,,"drm_gralloc,pdk-fs",platform/external/drm_gralloc,external/drm_gralloc
101,,"drm_hwcomposer,pdk-fs",platform/external/drm_hwcomposer,external/drm_hwcomposer
102,,pdk,platform/external/droiddriver,external/droiddriver
103,,pdk,platform/external/e2fsprogs,external/e2fsprogs
104,,pdk,platform/external/easymock,external/easymock
105,,"pdk-cw-fs,pdk-fs",platform/external/eclipse-basebuilder,external/eclipse-basebuilder
106,,pdk,platform/external/eclipse-windowbuilder,external/eclipse-windowbuilder
107,,pdk,platform/external/eigen,external/eigen
108,,pdk,platform/external/elfutils,external/elfutils
109,,pdk,platform/external/embunit,external/embunit
110,,pdk,platform/external/emma,external/emma
111,,pdk,platform/external/esd,external/esd
112,,pdk,platform/external/expat,external/expat
113,,pdk,platform/external/eyes-free,external/eyes-free
114,,pdk,platform/external/f2fs-tools,external/f2fs-tools
115,,pdk,platform/external/fdlibm,external/fdlibm
116,,pdk,platform/external/fec,external/fec
117,,pdk,platform/external/fio,external/fio
118,,pdk,platform/external/flac,external/flac
119,,pdk,platform/external/fonttools,external/fonttools
120,,pdk,platform/external/freetype,external/freetype
121,,pdk,platform/external/fsck_msdos,external/fsck_msdos
122,,pdk,platform/external/gemmlowp,external/gemmlowp
123,,"pdk,qcom_msm8x26",platform/external/giflib,external/giflib
124,,pdk,platform/external/glide,external/glide
125,,pdk,platform/external/gmock,external/gmock
126,,pdk,platform/external/google-benchmark,external/google-benchmark
127,,"dragon,pdk-fs",platform/external/google-breakpad,external/google-breakpad
128,,pdk,platform/external/google-fonts/carrois-gothic-sc,external/google-fonts/carrois-gothic-sc
129,,pdk,platform/external/google-fonts/coming-soon,external/google-fonts/coming-soon
130,,pdk,platform/external/google-fonts/cutive-mono,external/google-fonts/cutive-mono
131,,pdk,platform/external/google-fonts/dancing-script,external/google-fonts/dancing-script
132,,pdk,platform/external/google-tv-pairing-protocol,external/google-tv-pairing-protocol
133,,pdk,platform/external/gptfdisk,external/gptfdisk
134,,pdk,platform/external/gtest,external/gtest
135,,pdk,platform/external/guava,external/guava
136,,pdk,platform/external/guice,external/guice
137,,pdk,platform/external/hamcrest,external/hamcrest
138,,"pdk,qcom_msm8x26",platform/external/harfbuzz_ng,external/harfbuzz_ng
139,,pdk,platform/external/hyphenation-patterns,external/hyphenation-patterns
140,,pdk,platform/external/icu,external/icu
141,,pdk,platform/external/ImageMagick,external/ImageMagick
142,,pdk,platform/external/ims,external/ims
143,,pdk,platform/external/iproute2,external/iproute2
144,,pdk,platform/external/ipsec-tools,external/ipsec-tools
145,,pdk,platform/external/iptables,external/iptables
146,,pdk,platform/external/iputils,external/iputils
147,,pdk,platform/external/iw,external/iw
148,,pdk,platform/external/jacoco,external/jacoco
149,,pdk,platform/external/jarjar,external/jarjar
150,,pdk,platform/external/javasqlite,external/javasqlite
151,,pdk,platform/external/javassist,external/javassist
152,,pdk,platform/external/jcommander,external/jcommander
153,,pdk,platform/external/jdiff,external/jdiff
154,,pdk,platform/external/jemalloc,external/jemalloc
155,,pdk,platform/external/jetty,external/jetty
156,,pdk,platform/external/jhead,external/jhead
157,,"notdefault,tradefed,pdk-fs",platform/external/jline,external/jline
158,,pdk,platform/external/jmdns,external/jmdns
159,,pdk,platform/external/jmonkeyengine,external/jmonkeyengine
160,,pdk,platform/external/jsilver,external/jsilver
161,,pdk,platform/external/jsmn,external/jsmn
162,,pdk,platform/external/jsoncpp,external/jsoncpp
163,,pdk,platform/external/jsr305,external/jsr305
164,,pdk,platform/external/jsr330,external/jsr330
165,,pdk,platform/external/junit,external/junit
166,,pdk,platform/external/kernel-headers,external/kernel-headers
167,,pdk,platform/external/ksoap2,external/ksoap2
168,,pdk,platform/external/libavc,external/libavc
169,,pdk,platform/external/libbrillo,external/libbrillo
170,,pdk,platform/external/libcap,external/libcap
171,,pdk,platform/external/libcap-ng,external/libcap-ng
172,,pdk,platform/external/libchrome,external/libchrome
173,,pdk,platform/external/libcxx,external/libcxx
174,,pdk,platform/external/libcxxabi,external/libcxxabi
175,,pdk,platform/external/libdivsufsort,external/libdivsufsort
176,,pdk,platform/external/libdrm,external/libdrm
177,,pdk,platform/external/libedit,external/libedit
178,,pdk,platform/external/libdaemon,external/libdaemon
179,,pdk,platform/external/libevent,external/libevent
180,,pdk,platform/external/libexif,external/libexif
181,,pdk,platform/external/libgdx,external/libgdx
182,,pdk,platform/external/libgsm,external/libgsm
183,,pdk,platform/external/libhevc,external/libhevc
184,,pdk,platform/external/libjpeg-turbo,external/libjpeg-turbo
185,,pdk,platform/external/liblzf,external/liblzf
186,,pdk,platform/external/libmicrohttpd,external/libmicrohttpd
187,,pdk,platform/external/libmpeg2,external/libmpeg2
188,,pdk,platform/external/libmtp,external/libmtp
189,,pdk,platform/external/libnfc-nci,external/libnfc-nci
190,,pdk,platform/external/libnfc-nxp,external/libnfc-nxp
191,,pdk,platform/external/libnl,external/libnl
192,,pdk,platform/external/libogg,external/libogg
193,,pdk,platform/external/libopus,external/libopus
194,,pdk,platform/external/libpcap,external/libpcap
195,,pdk,platform/external/libphonenumber,external/libphonenumber
196,,pdk,platform/external/libpng,external/libpng
197,,pdk,platform/external/libselinux,external/libselinux
198,,pdk,platform/external/libunwind,external/libunwind
199,,pdk,platform/external/libunwind_llvm,external/libunwind_llvm
200,,pdk,platform/external/libusb,external/libusb
201,,pdk,platform/external/libusb-compat,external/libusb-compat
202,,pdk,platform/external/libutf,external/libutf
203,,pdk,platform/external/libvncserver,external/libvncserver
204,,pdk,platform/external/libvorbis,external/libvorbis
205,,pdk,platform/external/libvpx,external/libvpx
206,,pdk,platform/external/libvterm,external/libvterm
207,,pdk,platform/external/libweave,external/libweave
208,,"pdk,libxml2",platform/external/libxml2,external/libxml2
209,,"pdk,libyuv",platform/external/libyuv,external/libyuv
210,,pdk,platform/external/littlemock,external/littlemock
211,,pdk,platform/external/lld,external/lld
212,,"pdk-cw-fs,pdk-fs",platform/external/lldb,external/lldb
213,,pdk,platform/external/llvm,external/llvm
214,,pdk,platform/external/ltrace,external/ltrace
215,,pdk,platform/external/lz4,external/lz4
216,,pdk,platform/external/lzma,external/lzma
217,,pdk,platform/external/marisa-trie,external/marisa-trie
218,,pdk,platform/external/markdown,external/markdown
219,,pdk,platform/external/mdnsresponder,external/mdnsresponder
220,,"pdk-cw-fs,pdk-fs",platform/external/mesa3d,external/mesa3d
221,,pdk,platform/external/messageformat,external/messageformat
222,,pdk,platform/external/minijail,external/minijail
223,,pdk,platform/external/mksh,external/mksh
224,,pdk,platform/external/mmc-utils,external/mmc-utils
225,,pdk,platform/external/mockftpserver,external/mockftpserver
226,,pdk,platform/external/mockito,external/mockito
227,,pdk,platform/external/mockwebserver,external/mockwebserver
228,,pdk,platform/external/modp_b64,external/modp_b64
229,,pdk,platform/external/mp4parser,external/mp4parser
230,,pdk,platform/external/mtpd,external/mtpd
231,,pdk,platform/external/nanohttpd,external/nanohttpd
232,,pdk,platform/external/nanopb-c,external/nanopb-c
233,,pdk,platform/external/naver-fonts,external/naver-fonts
234,,pdk,platform/external/netcat,external/netcat
235,,pdk,platform/external/netperf,external/netperf
236,,pdk,platform/external/neven,external/neven
237,,pdk,platform/external/nfacct,external/nfacct
238,,pdk,platform/external/nist-pkits,external/nist-pkits
239,,pdk,platform/external/nist-sip,external/nist-sip
240,,pdk,platform/external/noto-fonts,external/noto-fonts
241,,pdk,platform/external/oauth,external/oauth
242,,pdk,platform/external/objenesis,external/objenesis
243,,pdk,platform/external/okhttp,external/okhttp
244,,"pdk-cw-fs,pdk-fs",platform/external/opencv,external/opencv
245,,pdk,platform/external/openfst,external/openfst
246,,pdk,platform/external/openssh,external/openssh
247,,pdk,platform/external/owasp/sanitizer,external/owasp/sanitizer
248,,pdk,platform/external/parameter-framework,external/parameter-framework
249,,pdk,platform/external/pcre,external/pcre
250,,pdk,platform/external/pdfium,external/pdfium
251,,pdk,platform/external/piex,external/piex
252,,pdk,platform/external/ppp,external/ppp
253,,pdk,platform/external/proguard,external/proguard
254,,pdk,platform/external/protobuf,external/protobuf
255,,pdk,platform/external/regex-re2,external/regex-re2
256,,pdk,platform/external/replicaisland,external/replicaisland
257,,pdk,platform/external/rmi4utils,external/rmi4utils
258,,"pdk-cw-fs,pdk-fs",platform/external/robolectric,external/robolectric
259,,pdk,platform/external/roboto-fonts,external/roboto-fonts
260,,pdk,platform/external/rootdev,external/rootdev
261,,pdk,platform/external/safe-iop,external/safe-iop
262,,pdk,platform/external/scrypt,external/scrypt
263,,pdk,platform/external/selinux,external/selinux
264,,pdk,platform/external/shflags,external/shflags
265,,"pdk,qcom_msm8x26",platform/external/sfntly,external/sfntly
266,,"pdk,qcom_msm8x26",platform/external/skia,external/skia
267,,pdk,platform/external/sl4a,external/sl4a
268,,pdk,platform/external/slf4j,external/slf4j
269,,pdk,platform/external/smali,external/smali
270,,pdk,platform/external/snakeyaml,external/snakeyaml
271,,pdk,platform/external/sonic,external/sonic
272,,pdk,platform/external/sonivox,external/sonivox
273,,pdk,platform/external/speex,external/speex
274,,pdk,platform/external/sqlite,external/sqlite
275,,pdk,platform/external/squashfs-tools,external/squashfs-tools
276,,pdk,platform/external/srtp,external/srtp
277,,pdk,platform/external/strace,external/strace
278,,pdk,platform/external/svox,external/svox
279,,pdk,platform/external/tagsoup,external/tagsoup
280,,pdk,platform/external/testng,external/testng
281,,pdk,platform/external/tcpdump,external/tcpdump
282,,pdk,platform/external/timezonepicker-support,external/timezonepicker-support
283,,pdk,platform/external/tinyalsa,external/tinyalsa
284,,pdk,platform/external/tinycompress,external/tinycompress
285,,pdk,platform/external/tinyxml,external/tinyxml
286,,pdk,platform/external/tinyxml2,external/tinyxml2
287,,pdk,platform/external/tlsdate,external/tlsdate
288,,pdk,platform/external/toybox,external/toybox
289,,pdk,platform/external/tpm2,external/tpm2
290,,pdk,platform/external/tremolo,external/tremolo
291,,pdk,platform/external/unicode,external/unicode
292,,,platform/external/universal-tween-engine,external/universal-tween-engine
293,,pdk,platform/external/v8,external/v8
294,,pdk,platform/external/valgrind,external/valgrind
295,,"vboot,pdk-fs",platform/external/vboot_reference,external/vboot_reference
296,,pdk,platform/external/vixl,external/vixl
297,,pdk,platform/external/vogar,external/vogar
298,,pdk,platform/external/vulkan-validation-layers,external/vulkan-validation-layers
299,,"pdk,qcom_msm8x26",platform/external/webp,external/webp
300,,pdk,platform/external/webrtc,external/webrtc
301,,pdk,platform/external/wpa_supplicant_8,external/wpa_supplicant_8
302,,pdk,platform/external/xmlrpcpp,external/xmlrpcpp
303,,pdk,platform/external/xmlwriter,external/xmlwriter
304,,pdk,platform/external/xmp_toolkit,external/xmp_toolkit
305,,pdk,platform/external/zlib,external/zlib
306,,pdk,platform/external/zopfli,external/zopfli
307,,pdk,platform/external/zxing,external/zxing
308,,pdk,platform/frameworks/av,frameworks/av
309,,"pdk-cw-fs,pdk-fs",platform/frameworks/base,frameworks/base
310,,pdk,platform/frameworks/compile/libbcc,frameworks/compile/libbcc
311,,pdk,platform/frameworks/compile/mclinker,frameworks/compile/mclinker
312,,pdk,platform/frameworks/compile/slang,frameworks/compile/slang
313,,"pdk-cw-fs,pdk-fs",platform/frameworks/ex,frameworks/ex
314,,"pdk-cw-fs,pdk-fs",platform/frameworks/minikin,frameworks/minikin
315,,"pdk-cw-fs,pdk-fs",platform/frameworks/ml,frameworks/ml
316,,"pdk-cw-fs,pdk-fs",platform/frameworks/multidex,frameworks/multidex
317,,pdk,platform/frameworks/native,frameworks/native
318,,pdk-fs,platform/frameworks/opt/bitmap,frameworks/opt/bitmap
319,,"pdk-cw-fs,pdk-fs",platform/frameworks/opt/bluetooth,frameworks/opt/bluetooth
320,,"pdk-cw-fs,pdk-fs",platform/frameworks/opt/calendar,frameworks/opt/calendar
321,,"pdk-cw-fs,pdk-fs",platform/frameworks/opt/chips,frameworks/opt/chips
322,,"pdk-cw-fs,pdk-fs",platform/frameworks/opt/colorpicker,frameworks/opt/colorpicker
323,,"pdk-cw-fs,pdk-fs",platform/frameworks/opt/datetimepicker,frameworks/opt/datetimepicker
324,,"pdk-cw-fs,pdk-fs",platform/frameworks/opt/emoji,frameworks/opt/emoji
325,,pdk-fs,platform/frameworks/opt/inputconnectioncommon,frameworks/opt/inputconnectioncommon
326,,"pdk-cw-fs,pdk-fs",platform/frameworks/opt/inputmethodcommon,frameworks/opt/inputmethodcommon
327,,pdk-fs,platform/frameworks/opt/net/ethernet,frameworks/opt/net/ethernet
328,,"frameworks_ims,pdk-cw-fs,pdk-fs",platform/frameworks/opt/net/ims,frameworks/opt/net/ims
329,,"pdk-cw-fs,pdk-fs",platform/frameworks/opt/net/voip,frameworks/opt/net/voip
330,,pdk,platform/frameworks/opt/net/wifi,frameworks/opt/net/wifi
331,,"pdk-cw-fs,pdk-fs",platform/frameworks/opt/photoviewer,frameworks/opt/photoviewer
332,,"pdk-cw-fs,pdk-fs",platform/frameworks/opt/setupwizard,frameworks/opt/setupwizard
333,,pdk,platform/frameworks/opt/telephony,frameworks/opt/telephony
334,,"pdk-cw-fs,pdk-fs",platform/frameworks/opt/timezonepicker,frameworks/opt/timezonepicker
335,,"pdk-cw-fs,pdk-fs",platform/frameworks/opt/vcard,frameworks/opt/vcard
336,,pdk,platform/frameworks/rs,frameworks/rs
337,,"pdk-cw-fs,pdk-fs",platform/frameworks/support,frameworks/support
338,,"pdk-cw-fs,pdk-fs",platform/frameworks/data-binding,frameworks/data-binding
339,,"pdk-cw-fs,pdk-fs",platform/frameworks/volley,frameworks/volley
340,,"pdk-cw-fs,pdk-fs",platform/frameworks/webview,frameworks/webview
341,,"pdk-cw-fs,pdk-fs",platform/frameworks/wilhelm,frameworks/wilhelm
342,,pdk,platform/hardware/akm,hardware/akm
343,,pdk,platform/hardware/broadcom/libbt,hardware/broadcom/libbt
344,,"pdk,broadcom_wlan",platform/hardware/broadcom/wlan,hardware/broadcom/wlan
345,,pdk,platform/hardware/bsp/intel,hardware/bsp/intel
346,,pdk,platform/hardware/google/apf,hardware/google/apf
347,,"intel,pdk",platform/hardware/intel/audio_media,hardware/intel/audio_media
348,,"intel,pdk",platform/hardware/intel/bootstub,hardware/intel/bootstub
349,,"intel,pdk",platform/hardware/intel/common/bd_prov,hardware/intel/common/bd_prov
350,,"intel,pdk",platform/hardware/intel/common/libmix,hardware/intel/common/libmix
351,,"intel,pdk",platform/hardware/intel/common/libstagefrighthw,hardware/intel/common/libstagefrighthw
352,,"intel,pdk",platform/hardware/intel/common/libva,hardware/intel/common/libva
353,,"intel,pdk",platform/hardware/intel/common/libwsbm,hardware/intel/common/libwsbm
354,,"intel,pdk",platform/hardware/intel/common/omx-components,hardware/intel/common/omx-components
355,,"intel,pdk",platform/hardware/intel/common/utils,hardware/intel/common/utils
356,,"intel,pdk",platform/hardware/intel/common/wrs_omxil_core,hardware/intel/common/wrs_omxil_core
357,,"intel,pdk",platform/hardware/intel/img/hwcomposer,hardware/intel/img/hwcomposer
358,,"intel,pdk",platform/hardware/intel/img/psb_headers,hardware/intel/img/psb_headers
359,,"intel,pdk",platform/hardware/intel/img/psb_video,hardware/intel/img/psb_video
360,,"intel_sensors,pdk",platform/hardware/intel/sensors,hardware/intel/sensors
361,,"invensense,pdk",platform/hardware/invensense,hardware/invensense
362,,pdk,platform/hardware/libhardware,hardware/libhardware
363,,pdk,platform/hardware/libhardware_legacy,hardware/libhardware_legacy
364,,"marvell_bt,pdk",platform/hardware/marvell/bt,hardware/marvell/bt
365,,"qcom,qcom_audio,pdk",platform/hardware/qcom/audio,hardware/qcom/audio
366,,pdk,platform/hardware/qcom/bootctrl,hardware/qcom/bootctrl
367,,"qcom,pdk",platform/hardware/qcom/bt,hardware/qcom/bt
368,,"qcom,pdk",platform/hardware/qcom/camera,hardware/qcom/camera
369,,"pdk,qcom,qcom_display",platform/hardware/qcom/display,hardware/qcom/display
370,,"qcom,qcom_gps,pdk",platform/hardware/qcom/gps,hardware/qcom/gps
371,,"qcom,qcom_keymaster,pdk",platform/hardware/qcom/keymaster,hardware/qcom/keymaster
372,,"qcom,pdk",platform/hardware/qcom/media,hardware/qcom/media
373,,"qcom_msm8960,pdk",platform/hardware/qcom/msm8960,hardware/qcom/msm8960
374,,"qcom_msm8994,pdk",platform/hardware/qcom/msm8994,hardware/qcom/msm8994
375,,qcom_msm8996,platform/hardware/qcom/msm8996,hardware/qcom/msm8996
376,,"qcom_msm8x26,pdk",platform/hardware/qcom/msm8x26,hardware/qcom/msm8x26
377,,"qcom_msm8x27,pdk",platform/hardware/qcom/msm8x27,hardware/qcom/msm8x27
378,,"qcom_msm8x84,pdk",platform/hardware/qcom/msm8x84,hardware/qcom/msm8x84
379,,"qcom,pdk",platform/hardware/qcom/power,hardware/qcom/power
380,,"qcom_wlan,pdk",platform/hardware/qcom/wlan,hardware/qcom/wlan
381,,pdk,platform/hardware/ril,hardware/ril
382,,"omap3,pdk",platform/hardware/ti/omap3,hardware/ti/omap3
383,,"omap4-aah,pdk",platform/hardware/ti/omap4-aah,hardware/ti/omap4-aah
384,,"omap4,pdk",platform/hardware/ti/omap4xxx,hardware/ti/omap4xxx
385,,pdk,platform/libcore,libcore
386,,pdk,platform/libnativehelper,libnativehelper
387,,generic_fs,platform/ndk,ndk
388,,"pdk-cw-fs,pdk-fs",platform/packages/apps/BasicSmsReceiver,packages/apps/BasicSmsReceiver
389,,"pdk-cw-fs,pdk-fs",platform/packages/apps/Bluetooth,packages/apps/Bluetooth
390,,pdk-fs,platform/packages/apps/Browser2,packages/apps/Browser2
391,,pdk-fs,platform/packages/apps/Calculator,packages/apps/Calculator
392,,pdk-fs,platform/packages/apps/Calendar,packages/apps/Calendar
393,,pdk-fs,platform/packages/apps/Camera2,packages/apps/Camera2
394,,"pdk-cw-fs,pdk-fs",platform/packages/apps/CarrierConfig,packages/apps/CarrierConfig
395,,"pdk-cw-fs,pdk-fs",platform/packages/apps/CellBroadcastReceiver,packages/apps/CellBroadcastReceiver
396,,"pdk-cw-fs,pdk-fs",platform/packages/apps/CertInstaller,packages/apps/CertInstaller
397,,pdk-fs,platform/packages/apps/Contacts,packages/apps/Contacts
398,,pdk-fs,platform/packages/apps/ContactsCommon,packages/apps/ContactsCommon
399,,pdk-fs,platform/packages/apps/DeskClock,packages/apps/DeskClock
400,,pdk,platform/packages/apps/DevCamera,packages/apps/DevCamera
401,,pdk-fs,platform/packages/apps/Dialer,packages/apps/Dialer
402,,pdk-fs,platform/packages/apps/Email,packages/apps/Email
403,,pdk-fs,platform/packages/apps/EmergencyInfo,packages/apps/EmergencyInfo
404,,pdk-fs,platform/packages/apps/ExactCalculator,packages/apps/ExactCalculator
405,,pdk-fs,platform/packages/apps/Gallery,packages/apps/Gallery
406,,pdk-fs,platform/packages/apps/Gallery2,packages/apps/Gallery2
407,,pdk-fs,platform/packages/apps/HTMLViewer,packages/apps/HTMLViewer
408,,pdk-fs,platform/packages/apps/KeyChain,packages/apps/KeyChain
409,,pdk-fs,platform/packages/apps/Launcher2,packages/apps/Launcher2
410,,pdk-fs,platform/packages/apps/Launcher3,packages/apps/Launcher3
411,,pdk-fs,platform/packages/apps/LegacyCamera,packages/apps/LegacyCamera
412,,pdk-fs,platform/packages/apps/ManagedProvisioning,packages/apps/ManagedProvisioning
413,,pdk-fs,platform/packages/apps/Messaging,packages/apps/Messaging
414,,pdk-fs,platform/packages/apps/Music,packages/apps/Music
415,,pdk-fs,platform/packages/apps/MusicFX,packages/apps/MusicFX
416,,"apps_nfc,pdk-fs",platform/packages/apps/Nfc,packages/apps/Nfc
417,,pdk-fs,platform/packages/apps/OneTimeInitializer,packages/apps/OneTimeInitializer
418,,"pdk-cw-fs,pdk-fs",platform/packages/apps/PackageInstaller,packages/apps/PackageInstaller
419,,pdk-fs,platform/packages/apps/Phone,packages/apps/Phone
420,,"pdk-cw-fs,pdk-fs",platform/packages/apps/PhoneCommon,packages/apps/PhoneCommon
421,,pdk-fs,platform/packages/apps/Protips,packages/apps/Protips
422,,pdk-fs,platform/packages/apps/Provision,packages/apps/Provision
423,,pdk-fs,platform/packages/apps/QuickSearchBox,packages/apps/QuickSearchBox
424,,pdk-fs,platform/packages/apps/RetailDemo,packages/apps/RetailDemo
425,,pdk-fs,platform/packages/apps/SafetyRegulatoryInfo,packages/apps/SafetyRegulatoryInfo
426,,pdk-fs,platform/packages/apps/Settings,packages/apps/Settings
427,,pdk-fs,platform/packages/apps/SoundRecorder,packages/apps/SoundRecorder
428,,pdk-fs,platform/packages/apps/SpareParts,packages/apps/SpareParts
429,,pdk-fs,platform/packages/apps/SpeechRecorder,packages/apps/SpeechRecorder
430,,"apps_stk,pdk-fs",platform/packages/apps/Stk,packages/apps/Stk
431,,pdk-fs,platform/packages/apps/StorageManager,packages/apps/StorageManager
432,,pdk-fs,platform/packages/apps/Tag,packages/apps/Tag
433,,pdk-fs,platform/packages/apps/Terminal,packages/apps/Terminal
434,,pdk,platform/packages/apps/Test/connectivity,packages/apps/Test/connectivity
435,,pdk-fs,platform/packages/apps/TvSettings,packages/apps/TvSettings
436,,,platform/packages/apps/TV,packages/apps/TV
437,,pdk-fs,platform/packages/apps/UnifiedEmail,packages/apps/UnifiedEmail
438,,pdk-fs,platform/packages/apps/WallpaperPicker,packages/apps/WallpaperPicker
439,,,platform/packages/experimental,packages/experimental
440,,pdk-fs,platform/packages/inputmethods/LatinIME,packages/inputmethods/LatinIME
441,,pdk-fs,platform/packages/inputmethods/OpenWnn,packages/inputmethods/OpenWnn
442,,pdk-fs,platform/packages/providers/ApplicationsProvider,packages/providers/ApplicationsProvider
443,,pdk-fs,platform/packages/providers/BlockedNumberProvider,packages/providers/BlockedNumberProvider
444,,pdk-fs,platform/packages/providers/BookmarkProvider,packages/providers/BookmarkProvider
445,,"pdk-cw-fs,pdk-fs",platform/packages/providers/CalendarProvider,packages/providers/CalendarProvider
446,,pdk-fs,platform/packages/providers/CallLogProvider,packages/providers/CallLogProvider
447,,"pdk-cw-fs,pdk-fs",platform/packages/providers/ContactsProvider,packages/providers/ContactsProvider
448,,"pdk-cw-fs,pdk-fs",platform/packages/providers/DownloadProvider,packages/providers/DownloadProvider
449,,"pdk-cw-fs,pdk-fs",platform/packages/providers/MediaProvider,packages/providers/MediaProvider
450,,pdk-fs,platform/packages/providers/PartnerBookmarksProvider,packages/providers/PartnerBookmarksProvider
451,,"pdk-cw-fs,pdk-fs",platform/packages/providers/TelephonyProvider,packages/providers/TelephonyProvider
452,,pdk-fs,platform/packages/providers/TvProvider,packages/providers/TvProvider
453,,"pdk-cw-fs,pdk-fs",platform/packages/providers/UserDictionaryProvider,packages/providers/UserDictionaryProvider
454,,pdk-fs,platform/packages/screensavers/Basic,packages/screensavers/Basic
455,,pdk-fs,platform/packages/screensavers/PhotoTable,packages/screensavers/PhotoTable
456,,pdk-fs,platform/packages/screensavers/WebView,packages/screensavers/WebView
457,,"adp8064,pdk-cw-fs,pdk-fs",platform/packages/services/Car,packages/services/Car
458,,"pdk-cw-fs,pdk-fs",platform/packages/services/Mms,packages/services/Mms
459,,"pdk-cw-fs,pdk-fs",platform/packages/services/Telecomm,packages/services/Telecomm
460,,"pdk-cw-fs,pdk-fs",platform/packages/services/Telephony,packages/services/Telephony
461,,pdk-fs,platform/packages/wallpapers/LivePicker,packages/wallpapers/LivePicker
462,,pdk,platform/pdk,pdk
463,,"pdk-fs,pdk-cw-fs,cts",platform/platform_testing,platform_testing
464,1,pdk-fs,platform/prebuilts/android-emulator,prebuilts/android-emulator
465,,"pdk,darwin",platform/prebuilts/clang/darwin-x86/host/3.6,prebuilts/clang/darwin-x86/host/3.6
466,,"pdk,linux",platform/prebuilts/clang/linux-x86/host/3.6,prebuilts/clang/linux-x86/host/3.6
467,,"pdk,darwin",platform/prebuilts/clang/host/darwin-x86,prebuilts/clang/host/darwin-x86
468,,pdk,platform/prebuilts/clang/host/linux-x86,prebuilts/clang/host/linux-x86
469,,pdk-fs,platform/prebuilts/devtools,prebuilts/devtools
470,,pdk-fs,platform/prebuilts/deqp,prebuilts/deqp
471,,pdk,platform/prebuilts/eclipse,prebuilts/eclipse
472,,"notdefault,eclipse",platform/prebuilts/eclipse-build-deps,prebuilts/eclipse-build-deps
473,,"pdk,darwin,arm",platform/prebuilts/gcc/darwin-x86/aarch64/aarch64-linux-android-4.9,prebuilts/gcc/darwin-x86/aarch64/aarch64-linux-android-4.9
474,,"pdk,darwin,arm",platform/prebuilts/gcc/darwin-x86/arm/arm-eabi-4.8,prebuilts/gcc/darwin-x86/arm/arm-eabi-4.8
475,,"pdk,darwin,arm",platform/prebuilts/gcc/darwin-x86/arm/arm-linux-androideabi-4.9,prebuilts/gcc/darwin-x86/arm/arm-linux-androideabi-4.9
476,,"pdk,darwin",platform/prebuilts/gcc/darwin-x86/host/i686-apple-darwin-4.2.1,prebuilts/gcc/darwin-x86/host/i686-apple-darwin-4.2.1
477,,"pdk,darwin,mips",platform/prebuilts/gcc/darwin-x86/mips/mips64el-linux-android-4.9,prebuilts/gcc/darwin-x86/mips/mips64el-linux-android-4.9
478,,"pdk,darwin,x86",platform/prebuilts/gcc/darwin-x86/x86/x86_64-linux-android-4.9,prebuilts/gcc/darwin-x86/x86/x86_64-linux-android-4.9
479,,"pdk,linux,arm",platform/prebuilts/gcc/linux-x86/aarch64/aarch64-linux-android-4.9,prebuilts/gcc/linux-x86/aarch64/aarch64-linux-android-4.9
480,,"pdk,linux,arm",platform/prebuilts/gcc/linux-x86/arm/arm-eabi-4.8,prebuilts/gcc/linux-x86/arm/arm-eabi-4.8
481,,"pdk,linux,arm",platform/prebuilts/gcc/linux-x86/arm/arm-linux-androideabi-4.9,prebuilts/gcc/linux-x86/arm/arm-linux-androideabi-4.9
482,,"pdk,linux",platform/prebuilts/gcc/linux-x86/host/x86_64-linux-glibc2.11-4.8,prebuilts/gcc/linux-x86/host/x86_64-linux-glibc2.11-4.8
483,,"pdk,linux",platform/prebuilts/gcc/linux-x86/host/x86_64-linux-glibc2.15-4.8,prebuilts/gcc/linux-x86/host/x86_64-linux-glibc2.15-4.8
484,,pdk-fs,platform/prebuilts/gcc/linux-x86/host/x86_64-w64-mingw32-4.8,prebuilts/gcc/linux-x86/host/x86_64-w64-mingw32-4.8
485,,"pdk,linux,mips",platform/prebuilts/gcc/linux-x86/mips/mips64el-linux-android-4.9,prebuilts/gcc/linux-x86/mips/mips64el-linux-android-4.9
486,,"pdk,linux,x86",platform/prebuilts/gcc/linux-x86/x86/x86_64-linux-android-4.9,prebuilts/gcc/linux-x86/x86/x86_64-linux-android-4.9
487,,darwin,platform/prebuilts/gdb/darwin-x86,prebuilts/gdb/darwin-x86
488,,linux,platform/prebuilts/gdb/linux-x86,prebuilts/gdb/linux-x86
489,,"darwin,tradefed",platform/prebuilts/go/darwin-x86,prebuilts/go/darwin-x86
490,,"linux,tradefed",platform/prebuilts/go/linux-x86,prebuilts/go/linux-x86
491,,"pdk-cw-fs,pdk-fs",platform/prebuilts/gradle-plugin,prebuilts/gradle-plugin
492,,"pdk-cw-fs,pdk-fs",platform/prebuilts/libs/libedit,prebuilts/libs/libedit
493,,"pdk-cw-fs,pdk-fs",platform/prebuilts/maven_repo/android,prebuilts/maven_repo/android
494,,pdk,platform/prebuilts/misc,prebuilts/misc
495,,pdk,platform/prebuilts/ndk,prebuilts/ndk
496,,"darwin,pdk,tradefed",platform/prebuilts/ninja/darwin-x86,prebuilts/ninja/darwin-x86
497,,"linux,pdk,tradefed",platform/prebuilts/ninja/linux-x86,prebuilts/ninja/linux-x86
498,,"darwin,pdk,pdk-cw-fs,pdk-fs",platform/prebuilts/python/darwin-x86/2.7.5,prebuilts/python/darwin-x86/2.7.5
499,,"linux,pdk,pdk-cw-fs,pdk-fs",platform/prebuilts/python/linux-x86/2.7.5,prebuilts/python/linux-x86/2.7.5
500,1,pdk,platform/prebuilts/qemu-kernel,prebuilts/qemu-kernel
501,,pdk,platform/prebuilts/sdk,prebuilts/sdk
502,,"pdk,tools",platform/prebuilts/tools,prebuilts/tools
503,,"pdk-cw-fs,pdk-fs",platform/sdk,sdk
504,,pdk,platform/system/bt,system/bt
505,,pdk,platform/system/ca-certificates,system/ca-certificates
506,,,platform/system/connectivity/apmanager,system/connectivity/apmanager
507,,,platform/system/connectivity/dhcp_client,system/connectivity/dhcp_client
508,,,platform/system/connectivity/shill,system/connectivity/shill
509,,pdk,platform/system/core,system/core
510,,pdk,platform/system/extras,system/extras
511,,,platform/system/firewalld,system/firewalld
512,,pdk,platform/system/gatekeeper,system/gatekeeper
513,,pdk,platform/system/keymaster,system/keymaster
514,,pdk,platform/system/media,system/media
515,,,platform/system/nativepower,system/nativepower
516,,pdk,platform/system/netd,system/netd
517,,,platform/system/nvram,system/nvram
518,,pdk,platform/system/security,system/security
519,,pdk,platform/system/sepolicy,system/sepolicy
520,,pdk,platform/system/tools/aidl,system/tools/aidl
521,,,platform/system/tpm,system/tpm
522,,pdk,platform/system/update_engine,system/update_engine
523,,pdk,platform/system/vold,system/vold
524,,,platform/system/weaved,system/weaved
525,,,platform/system/webservd,system/webservd
526,,"vts,pdk",platform/test/vts,test/vts
527,,,toolchain/binutils,toolchain/binutils
528,,"notdefault,tools",platform/tools/adt/idea,tools/adt/idea
529,,"notdefault,tools",platform/tools/base,tools/base
530,,"notdefault,tools",platform/tools/build,tools/build
531,,tools,platform/tools/external/fat32lib,tools/external/fat32lib
532,,tools,platform/tools/external/gradle,tools/external/gradle
533,,"notdefault,tools",platform/tools/idea,tools/idea
534,,"notdefault,tradefed",platform/tools/loganalysis,tools/loganalysis
535,,"notdefault,motodev",platform/tools/motodev,tools/motodev
536,,"notdefault,tools",platform/tools/studio/cloud,tools/studio/cloud
537,,"notdefault,tools",platform/tools/swt,tools/swt
538,,"notdefault,tradefed",platform/tools/tradefederation,tools/tradefederation
539,,pdk,platform/tools/test/connectivity,tools/test/connectivity
